label,optimal_threshold
Aortic enlargement,0.8999999999999996
Atelectasis,0.1
COVID,0.8999999999999996
Calcification,0.8999999999999996
Cardiomegaly,0.3699999999999999
Consolidation,0.19999999999999996
Disc_Space_Narrowing,0.4999999999999998
Edema,0.30999999999999994
Effusion,0.5
Emphysema,0.5
Enlarged Cardiomediastinum,0.3799999999999999
Fibrosis,0.5
Foraminal_Stenosis,0.8699999999999996
Fracture,0.22999999999999995
Giant_Cell_Tumor,0.7499999999999997
Haemorrhagic,0.8899999999999996
Hernia,0.5
ILD,0.8999999999999996
Infiltration,0.1
Ischemic,0.8799999999999996
Lung Lesion,0.3699999999999999
Lung_Opacity,0.7299999999999996
Mass,0.5
MildDemented,0.8599999999999995
ModerateDemented,0.8999999999999996
Multiple_Osteochondromas,0.8799999999999996
No finding,0.13
Nodule,0.5
Nodule/Mass,0.8999999999999996
NonDemented,0.5099999999999998
Normal,0.8999999999999996
Osteochondroma,0.46999999999999986
Osteofibroma,0.8999999999999996
Osteopenia,0.8999999999999996
Osteophytes,0.12
Osteoporosis,0.8999999999999996
Osteosarcoma,0.6999999999999996
Other lesion,0.8999999999999996
Other_Benign_Bone_Tumor,0.8499999999999996
Other_Lesions,0.8199999999999996
Other_Malignant_Bone_Tumor,0.6999999999999996
Pleural Other,0.46999999999999986
Pleural effusion,0.2899999999999999
Pleural_Thickening,0.7099999999999996
Pneumonia,0.16999999999999998
Pneumothorax,0.2899999999999999
Pulmonary fibrosis,0.8999999999999996
Simple_Bone_Cyst,0.7199999999999996
Spondylolysthesis,0.5899999999999997
Support Devices,0.21999999999999995
Surgical_Implant,0.8899999999999996
Synovial_Osteochondroma,0.8399999999999996
Tuberculosis,0.8999999999999996
Vertebral_Collapse,0.8899999999999996
VeryMildDemented,0.6399999999999997
Viral Pneumonia,0.8999999999999996
glioma,0.8899999999999996
meningioma,0.8599999999999995
notumor,0.8999999999999996
pituitary,0.8999999999999996
